{"headers": {"endo": 0, "epi": 1, "volume": 2, "longitudinal_distance_epi": 3, "longitudinal_distance_endo": 4, "longitudinal_distance": 5, "radial_distance_epi": 6, "radial_distance_endo": 7, "radial_distance": 8, "wall_thickness": 9, "global_longitudinal_length_epi": 10, "global_longitudinal_length_endo": 11, "global_longitudinal_length": 12, "global_circumferential_length_epi": 13, "global_circumferential_length_endo": 14, "global_circumferential_length": 15, "gamma": 16, "pressure": 17, "endo-b": 18, "epi-b": 19, "volume-b": 20, "longitudinal_distance_epi-b": 21, "longitudinal_distance_endo-b": 22, "longitudinal_distance-b": 23, "radial_distance_epi-b": 24, "radial_distance_endo-b": 25, "radial_distance-b": 26, "wall_thickness-b": 27, "global_longitudinal_length_epi-b": 28, "global_longitudinal_length_endo-b": 29, "global_longitudinal_length-b": 30, "global_circumferential_length_epi-b": 31, "global_circumferential_length_endo-b": 32, "global_circumferential_length-b": 33, "gamma-b": 34, "pressure-b": 35}, "ranges": {"endo": [40.0, 80.0], "epi": [-80.0, -40.0], "volume": [0.3478782168348272, 0.9999992703917907], "longitudinal_distance_epi": [79.81487579363821, 113.48816512145842], "longitudinal_distance_endo": [68.42018127441406, 102.99277324565901], "longitudinal_distance": [74.3005203249766, 108.24046765767982], "radial_distance_epi": [25.958232879638672, 31.694588447066103], "radial_distance_endo": [12.73218059539795, 21.607507280521403], "radial_distance": [19.34520721435547, 26.65104691011944], "wall_thickness": [9.530835165076509, 14.28557300567627], "global_longitudinal_length_epi": [191.7236175537109, 247.2399975529054], "global_longitudinal_length_endo": [145.3166961669922, 215.34658008583025], "global_longitudinal_length": [168.52015686035156, 231.293287293502], "global_circumferential_length_epi": [162.88363647460938, 198.77141708963032], "global_circumferential_length_endo": [79.9580078125, 135.47330905234855], "global_circumferential_length": [121.42081451416016, 167.1223554415967], "gamma": [0.0, 0.3], "pressure": [0.0, 1.25], "endo-b": [1.0, 20.0], "epi-b": [1.0, 20.0], "volume-b": [1.0, 30.0], "longitudinal_distance_epi-b": [1.0, 50.0], "longitudinal_distance_endo-b": [1.0, 50.0], "longitudinal_distance-b": [1.0, 50.0], "radial_distance_epi-b": [1.0, 35.0], "radial_distance_endo-b": [1.0, 33.0], "radial_distance-b": [1.0, 34.0], "wall_thickness-b": [17.0, 50.0], "global_longitudinal_length_epi-b": [1.0, 50.0], "global_longitudinal_length_endo-b": [1.0, 47.0], "global_longitudinal_length-b": [1.0, 49.0], "global_circumferential_length_epi-b": [1.0, 35.0], "global_circumferential_length_endo-b": [1.0, 33.0], "global_circumferential_length-b": [1.0, 34.0], "gamma-b": [1.0, 50.0], "pressure-b": [1.0, 50.0]}, "scales": {"endo": 100.0, "epi": 100.0, "volume": 1.0, "longitudinal_distance_epi": 100.0, "longitudinal_distance_endo": 100.0, "longitudinal_distance": 100.0, "radial_distance_epi": 100.0, "radial_distance_endo": 100.0, "radial_distance": 100.0, "wall_thickness": 100.0, "global_longitudinal_length_epi": 100.0, "global_longitudinal_length_endo": 100.0, "global_longitudinal_length": 100.0, "global_circumferential_length_epi": 100.0, "global_circumferential_length_endo": 100.0, "global_circumferential_length": 100.0, "gamma": 1.0, "pressure": 1.0, "endo-b": 100.0, "epi-b": 100.0, "volume-b": 1.0, "longitudinal_distance_epi-b": 100.0, "longitudinal_distance_endo-b": 100.0, "longitudinal_distance-b": 1.0, "radial_distance_epi-b": 100.0, "radial_distance_endo-b": 100.0, "radial_distance-b": 1.0, "wall_thickness-b": 1.0, "global_longitudinal_length_epi-b": 100.0, "global_longitudinal_length_endo-b": 100.0, "global_longitudinal_length-b": 1.0, "global_circumferential_length_epi-b": 100.0, "global_circumferential_length_endo-b": 100.0, "global_circumferential_length-b": 1.0, "gamma-b": 1.0, "pressure-b": 1.0}, "n_classes": 50, "norms": {"pressure": 16.0, "volume": 121189.5234375}}